state,key,label,value
Alaska,nightlife,Nightlife,97.59
Alabama,eventservices,Event Services,129
Arkansas,nightlife,Nightlife,127.56
Arizona,food,Food,53.16
California,education,Education,60.29
Colorado,localservices,Local Services,79.13
Connecticut,beautysvc,Beauty,47.09
District of Columbia,hotelstravel,Hotels & Travel,134.55
Delaware,nightlife,Nightlife,29.12
Florida,professional,Professional Services,52.17
Georgia,pets,Pets,69.91
Hawaii,localservices,Local Services,64.15
Iowa,food,Food,50.28
Idaho,nightlife,Nightlife,109.29
Illinois,arts,Arts,153.13
Indiana,arts,Arts,130.23
Kansas,nightlife,Nightlife,152.69
Kentucky,food,Food,54.17
Louisiana,food,Food,36.36
Massachusetts,localservices,Local Services,84.82
Maryland,active,Active,76.97
Maine,shopping,Shopping,64.47
Michigan,beautysvc,Beauty,76.16
Minnesota,restaurants,Restaurants,31.58
Missouri,arts,Arts,112.22
Mississippi,restaurants,Restaurants,29.2
Montana,shopping,Shopping,140.61
North Carolina,localservices,Local Services,66.06
North Dakota,Shopping,Shopping,53.43
Nebraska,food,Food,45.3
New Hampshire,homeservices,Home Services,259.2
New Jersey,food,Food,48
New Mexico,eventservices,Event Services,95.45
Nevada,professional,Professional Services,114.29
New York,restaurants,Restaurants,41.23
Ohio,nightlife,Nightlife,35.33
Oklahoma,eventservices,Event Services,68.42
Oregon,restaurants,Restaurants,51.6
Pennsylvania,active,Active,65.37
Rhode Island,nightlife,Nightlife,36.72
South Carolina,auto,Auto Services,53.9
South Dakota,restaurants,Restaurants,170.41
Tennessee,eventservices,Event Services,71.81
Texas,food,Food,37.79
Utah,beautysvc,Beauty,76.28
Virginia,localservices,Local Services,59.28
Vermont,food,Food,20.86
Washington,eventservices,Event Services,58.28
Wisconsin,active,Active,110.42
West Virginia,restaurants,Restaurants,15.56
Wyoming,food,Food,47.84