Category,Quarter,Month,Year,Date,Mentions_per_Million
active,Q2,4,2020,4 2020,134
active,Q3,7,2020,7 2020,141
active,Q4,10,2020,10 2020,137
active,Q1,1,2021,1 2021,144
active,Q2,4,2021,4 2021,173
active,Q3,7,2021,7 2021,200
active,Q4,10,2021,10 2021,188
active,Q1,1,2022,1 2022,187
active,Q2,4,2022,4 2022,206
arts,Q2,4,2020,4 2020,197
arts,Q3,7,2020,7 2020,174
arts,Q4,10,2020,10 2020,192
arts,Q1,1,2021,1 2021,185
arts,Q2,4,2021,4 2021,212
arts,Q3,7,2021,7 2021,259
arts,Q4,10,2021,10 2021,266
arts,Q1,1,2022,1 2022,245
arts,Q2,4,2022,4 2022,282
auto,Q2,4,2020,4 2020,196
auto,Q3,7,2020,7 2020,192
auto,Q4,10,2020,10 2020,195
auto,Q1,1,2021,1 2021,195
auto,Q2,4,2021,4 2021,207
auto,Q3,7,2021,7 2021,208
auto,Q4,10,2021,10 2021,210
auto,Q1,1,2022,1 2022,215
auto,Q2,4,2022,4 2022,228
beautysvc,Q2,4,2020,4 2020,162
beautysvc,Q3,7,2020,7 2020,174
beautysvc,Q4,10,2020,10 2020,158
beautysvc,Q1,1,2021,1 2021,158
beautysvc,Q2,4,2021,4 2021,172
beautysvc,Q3,7,2021,7 2021,176
beautysvc,Q4,10,2021,10 2021,176
beautysvc,Q1,1,2022,1 2022,191
beautysvc,Q2,4,2022,4 2022,200
bicycles,Q2,4,2020,4 2020,0
bicycles,Q3,7,2020,7 2020,0
bicycles,Q4,10,2020,10 2020,0
bicycles,Q1,1,2021,1 2021,0
bicycles,Q2,4,2021,4 2021,0
bicycles,Q3,7,2021,7 2021,0
bicycles,Q4,10,2021,10 2021,0
bicycles,Q1,1,2022,1 2022,0
bicycles,Q2,4,2022,4 2022,0
education,Q2,4,2020,4 2020,119
education,Q3,7,2020,7 2020,117
education,Q4,10,2020,10 2020,97
education,Q1,1,2021,1 2021,116
education,Q2,4,2021,4 2021,91
education,Q3,7,2021,7 2021,108
education,Q4,10,2021,10 2021,104
education,Q1,1,2022,1 2022,112
education,Q2,4,2022,4 2022,122
eventservices,Q2,4,2020,4 2020,139
eventservices,Q3,7,2020,7 2020,154
eventservices,Q4,10,2020,10 2020,160
eventservices,Q1,1,2021,1 2021,172
eventservices,Q2,4,2021,4 2021,184
eventservices,Q3,7,2021,7 2021,202
eventservices,Q4,10,2021,10 2021,205
eventservices,Q1,1,2022,1 2022,210
eventservices,Q2,4,2022,4 2022,224
financialservices,Q2,4,2020,4 2020,66
financialservices,Q3,7,2020,7 2020,75
financialservices,Q4,10,2020,10 2020,76
financialservices,Q1,1,2021,1 2021,78
financialservices,Q2,4,2021,4 2021,83
financialservices,Q3,7,2021,7 2021,77
financialservices,Q4,10,2021,10 2021,108
financialservices,Q1,1,2022,1 2022,98
financialservices,Q2,4,2022,4 2022,98
food,Q2,4,2020,4 2020,201
food,Q3,7,2020,7 2020,203
food,Q4,10,2020,10 2020,200
food,Q1,1,2021,1 2021,202
food,Q2,4,2021,4 2021,203
food,Q3,7,2021,7 2021,228
food,Q4,10,2021,10 2021,238
food,Q1,1,2022,1 2022,261
food,Q2,4,2022,4 2022,276
health,Q2,4,2020,4 2020,114
health,Q3,7,2020,7 2020,112
health,Q4,10,2020,10 2020,108
health,Q1,1,2021,1 2021,114
health,Q2,4,2021,4 2021,115
health,Q3,7,2021,7 2021,114
health,Q4,10,2021,10 2021,115
health,Q1,1,2022,1 2022,120
health,Q2,4,2022,4 2022,125
homeservices,Q2,4,2020,4 2020,192
homeservices,Q3,7,2020,7 2020,190
homeservices,Q4,10,2020,10 2020,186
homeservices,Q1,1,2021,1 2021,187
homeservices,Q2,4,2021,4 2021,192
homeservices,Q3,7,2021,7 2021,199
homeservices,Q4,10,2021,10 2021,206
homeservices,Q1,1,2022,1 2022,214
homeservices,Q2,4,2022,4 2022,216
hotelstravel,Q2,4,2020,4 2020,134
hotelstravel,Q3,7,2020,7 2020,150
hotelstravel,Q4,10,2020,10 2020,160
hotelstravel,Q1,1,2021,1 2021,172
hotelstravel,Q2,4,2021,4 2021,183
hotelstravel,Q3,7,2021,7 2021,202
hotelstravel,Q4,10,2021,10 2021,207
hotelstravel,Q1,1,2022,1 2022,207
hotelstravel,Q2,4,2022,4 2022,219
localflavor,Q2,4,2020,4 2020,174
localflavor,Q3,7,2020,7 2020,149
localflavor,Q4,10,2020,10 2020,174
localflavor,Q1,1,2021,1 2021,86
localflavor,Q2,4,2021,4 2021,87
localflavor,Q3,7,2021,7 2021,85
localflavor,Q4,10,2021,10 2021,101
localflavor,Q1,1,2022,1 2022,89
localflavor,Q2,4,2022,4 2022,98
localservices,Q2,4,2020,4 2020,218
localservices,Q3,7,2020,7 2020,233
localservices,Q4,10,2020,10 2020,246
localservices,Q1,1,2021,1 2021,243
localservices,Q2,4,2021,4 2021,245
localservices,Q3,7,2021,7 2021,257
localservices,Q4,10,2021,10 2021,264
localservices,Q1,1,2022,1 2022,269
localservices,Q2,4,2022,4 2022,287
massmedia,Q2,4,2020,4 2020,60
massmedia,Q3,7,2020,7 2020,192
massmedia,Q4,10,2020,10 2020,114
massmedia,Q1,1,2021,1 2021,175
massmedia,Q2,4,2021,4 2021,85
massmedia,Q3,7,2021,7 2021,78
massmedia,Q4,10,2021,10 2021,72
massmedia,Q1,1,2022,1 2022,232
massmedia,Q2,4,2022,4 2022,207
nightlife,Q2,4,2020,4 2020,174
nightlife,Q3,7,2020,7 2020,180
nightlife,Q4,10,2020,10 2020,173
nightlife,Q1,1,2021,1 2021,176
nightlife,Q2,4,2021,4 2021,196
nightlife,Q3,7,2021,7 2021,223
nightlife,Q4,10,2021,10 2021,225
nightlife,Q1,1,2022,1 2022,240
nightlife,Q2,4,2022,4 2022,255
pets,Q2,4,2020,4 2020,225
pets,Q3,7,2020,7 2020,218
pets,Q4,10,2020,10 2020,235
pets,Q1,1,2021,1 2021,213
pets,Q2,4,2021,4 2021,221
pets,Q3,7,2021,7 2021,213
pets,Q4,10,2021,10 2021,219
pets,Q1,1,2022,1 2022,241
pets,Q2,4,2022,4 2022,232
professional,Q2,4,2020,4 2020,131
professional,Q3,7,2020,7 2020,136
professional,Q4,10,2020,10 2020,142
professional,Q1,1,2021,1 2021,140
professional,Q2,4,2021,4 2021,144
professional,Q3,7,2021,7 2021,148
professional,Q4,10,2021,10 2021,148
professional,Q1,1,2022,1 2022,155
professional,Q2,4,2022,4 2022,152
publicservicesgovt,Q2,4,2020,4 2020,80
publicservicesgovt,Q3,7,2020,7 2020,71
publicservicesgovt,Q4,10,2020,10 2020,79
publicservicesgovt,Q1,1,2021,1 2021,68
publicservicesgovt,Q2,4,2021,4 2021,90
publicservicesgovt,Q3,7,2021,7 2021,125
publicservicesgovt,Q4,10,2021,10 2021,87
publicservicesgovt,Q1,1,2022,1 2022,85
publicservicesgovt,Q2,4,2022,4 2022,107
realestate,Q2,4,2020,4 2020,128
realestate,Q3,7,2020,7 2020,126
realestate,Q4,10,2020,10 2020,118
realestate,Q1,1,2021,1 2021,120
realestate,Q2,4,2021,4 2021,115
realestate,Q3,7,2021,7 2021,124
realestate,Q4,10,2021,10 2021,130
realestate,Q1,1,2022,1 2022,147
realestate,Q2,4,2022,4 2022,140
religiousorgs,Q2,4,2020,4 2020,41
religiousorgs,Q3,7,2020,7 2020,6
religiousorgs,Q4,10,2020,10 2020,44
religiousorgs,Q1,1,2021,1 2021,36
religiousorgs,Q2,4,2021,4 2021,31
religiousorgs,Q3,7,2021,7 2021,15
religiousorgs,Q4,10,2021,10 2021,50
religiousorgs,Q1,1,2022,1 2022,52
religiousorgs,Q2,4,2022,4 2022,49
restaurants,Q2,4,2020,4 2020,188
restaurants,Q3,7,2020,7 2020,190
restaurants,Q4,10,2020,10 2020,187
restaurants,Q1,1,2021,1 2021,189
restaurants,Q2,4,2021,4 2021,200
restaurants,Q3,7,2021,7 2021,226
restaurants,Q4,10,2021,10 2021,235
restaurants,Q1,1,2022,1 2022,254
restaurants,Q2,4,2022,4 2022,276
shopping,Q2,4,2020,4 2020,210
shopping,Q3,7,2020,7 2020,227
shopping,Q4,10,2020,10 2020,231
shopping,Q1,1,2021,1 2021,233
shopping,Q2,4,2021,4 2021,242
shopping,Q3,7,2021,7 2021,245
shopping,Q4,10,2021,10 2021,254
shopping,Q1,1,2022,1 2022,267
shopping,Q2,4,2022,4 2022,272
overall,Q2,4,2020,4 2020,183.69
overall,Q3,7,2020,7 2020,186.03
overall,Q4,10,2020,10 2020,184.07
overall,Q1,1,2021,1 2021,185.09
overall,Q2,4,2021,4 2021,194.81
overall,Q3,7,2021,7 2021,212.26
overall,Q4,10,2021,10 2021,219.58
overall,Q1,1,2022,1 2022,232.65
overall,Q2,4,2022,4 2022,249.04